track,"Spearman(PC1, Δ@1)","p(PC1, Δ@1)","Spearman(PC2, Δ@1)","p(PC2, Δ@1)","Spearman(PC1, Δ@10)","p(PC1, Δ@10)","Spearman(PC2, Δ@10)","p(PC2, Δ@10)",n(Δ@1),n(Δ@10)
baseline,0.20707816705833298,0.2722157870998573,0.11708311499622505,0.5377847467262074,0.22553517471025447,0.2307878261300803,0.13509443630885595,0.47660436251155236,30,30
CoT,0.1928798241764283,0.3071664434925747,0.2781577094025806,0.13665920771927112,0.2251563735305316,0.23159286858957082,0.25937466738015647,0.16632498157956407,30,30
feedback,0.03631791863788974,0.8488926293162624,0.18158959318944864,0.3368735035138313,-0.03285687541715531,0.8631515197975946,0.03168341558082833,0.8679957798849195,30,30
