model,track,n_problems,WA_mean,WA_ci_lo,WA_ci_hi,RE_mean,RE_ci_lo,RE_ci_hi,TLE_mean,TLE_ci_lo,TLE_ci_hi,CE_mean,CE_ci_lo,CE_ci_hi,MLE_mean,MLE_ci_lo,MLE_ci_hi
Llama-3.1-8B-Instruct,CoT,30,0.33499999999999996,0.20996666666666666,0.45770833333333316,0.034333333333333334,0.008991666666666669,0.06733333333333333,0.0006666666666666666,0.0,0.002,0.0,0.0,0.0,0.0,0.0,0.0
deepseek-coder-7b-instruct-v1.5,CoT,30,0.29666666666666663,0.17894999999999997,0.42338333333333333,0.011333333333333332,0.0003333333333333333,0.03266666666666666,0.0,0.0,0.0,0.0,0.0,0.0,0.0,0.0,0.0
Llama-3.1-8B-Instruct,baseline,30,0.29799999999999993,0.173575,0.4146916666666667,0.07433333333333333,0.013333333333333334,0.1533583333333333,0.0003333333333333333,0.0,0.001,0.0,0.0,0.0,0.0,0.0,0.0
deepseek-coder-7b-instruct-v1.5,baseline,30,0.298,0.17597500000000002,0.4293916666666666,0.017,0.0,0.050666666666666665,0.0003333333333333333,0.0,0.001,0.0,0.0,0.0,0.0,0.0,0.0
Llama-3.1-8B-Instruct,feedback,30,0.21066666666666667,0.10199166666666666,0.318025,0.024666666666666667,0.009000000000000001,0.04600833333333334,0.0,0.0,0.0,0.0,0.0,0.0,0.0,0.0,0.0
deepseek-coder-7b-instruct-v1.5,feedback,30,0.195,0.09098333333333333,0.3133666666666667,0.012000000000000002,0.0003333333333333333,0.032674999999999996,0.0,0.0,0.0,0.0,0.0,0.0,0.0,0.0,0.0
