{
  "config": {
    "TL_SEC": 2.0,
    "ALPHA": 1.0,
    "BETA": 1.5,
    "LAMBDA": 1.0,
    "n_problems": 30
  },
  "axis_stats": {
    "B_log": {
      "mean": 2.1711676752516693,
      "std": 0.14677648479017075,
      "q25": 2.1062408190799435,
      "q50": 2.1889262095033772,
      "q75": 2.271822842700144,
      "min": 1.8325089127062364,
      "max": 2.397940008672037
    },
    "T_log1p": {
      "mean": 0.04202545833145295,
      "std": 0.010402720251921866,
      "q25": 0.03569391251222815,
      "q50": 0.03774001904291345,
      "q75": 0.04335984884407533,
      "min": 0.0304792522838102,
      "max": 0.0702590029374658
    },
    "H_diff": {
      "mean": 0.24970799999999999,
      "std": 0.0833000761968439,
      "q25": 0.18879325,
      "q50": 0.23729549999999994,
      "q75": 0.30434550000000005,
      "min": 0.1349399999999999,
      "max": 0.5213
    },
    "WA_prob": {
      "mean": 0.1676132333333333,
      "std": 0.08112960693264547,
      "q25": 0.11276475,
      "q50": 0.141654,
      "q75": 0.2106955,
      "min": 0.062454,
      "max": 0.448382
    }
  }
}