track,k,full_mean_delta,full_wins,dir_retention_rate,lopo_mean_delta_min,lopo_mean_delta_max,wins_min,wins_max,n_lopo,n_common_problems
CoT,1,0.04922222222222224,46,1.0,0.029195402298850585,0.07149425287356322,43,46,30,30
CoT,10,0.005537406091665178,33,0.9,-0.026448697836620152,0.029071854393708945,30,33,30,30
baseline,1,0.04922222222222224,46,1.0,0.029195402298850585,0.07149425287356322,43,46,30,30
baseline,10,0.005537406091665178,33,0.9,-0.026448697836620152,0.029071854393708945,30,33,30,30
feedback,1,0.04922222222222224,46,1.0,0.029195402298850585,0.07149425287356322,43,46,30,30
feedback,10,0.005537406091665178,33,0.9,-0.026448697836620152,0.029071854393708945,30,33,30,30
