model,track,pass_at_1,pass_at_10,pass_at_100,auc_logk,k50,k90,label_WA,label_TLE,label_RE,label_CE,n_attempts
Llama-3.1-8B-Instruct,CoT,0.63,0.8652916539114415,0.9,3.820501342485568,1.0,2.0,1005,2,103,0,3000
Llama-3.1-8B-Instruct,baseline,0.6273333333333333,0.8462421332666202,0.8666666666666667,3.7475113368305064,1.0,2.0,894,1,223,0,3000
Llama-3.1-8B-Instruct,feedback,0.7646666666666667,0.9235861793949042,0.9666666666666667,4.168378081387696,1.0,1.0,632,0,74,0,3000
